event_id,event_type,begin_time,peak_time,end_time,class_type,source_location,active_region,kp_index,observed_time,source,instruments,note
2023-08-05T03:00:00-GST-001,Geomagnetic Storm,2023-08-05T03:00Z,,,G0,,,6.67,2023-08-05T06:00Z,NOAA,,
2023-09-03T00:00:00-GST-001,Geomagnetic Storm,2023-09-03T00:00Z,,,G0,,,5.67,2023-09-03T03:00Z,NOAA,,
2023-09-12T15:00:00-GST-001,Geomagnetic Storm,2023-09-12T15:00Z,,,G0,,,5.67,2023-09-12T18:00Z,NOAA,,
2023-09-19T00:00:00-GST-001,Geomagnetic Storm,2023-09-19T00:00Z,,,G0,,,5.67,2023-09-19T03:00Z,NOAA,,
2023-09-24T18:00:00-GST-001,Geomagnetic Storm,2023-09-24T18:00Z,,,G0,,,5.67,2023-09-24T21:00Z,NOAA,,
2023-11-05T09:00:00-GST-001,Geomagnetic Storm,2023-11-05T09:00Z,,,G0,,,6.0,2023-11-05T12:00Z,NOAA,,
2023-11-25T18:00:00-GST-001,Geomagnetic Storm,2023-11-25T18:00Z,,,G0,,,6.0,2023-11-25T21:00Z,NOAA,,
2023-12-01T09:00:00-GST-001,Geomagnetic Storm,2023-12-01T09:00Z,,,G0,,,7.0,2023-12-01T12:00Z,NOAA,,
2023-12-18T06:00:00-GST-001,Geomagnetic Storm,2023-12-18T06:00Z,,,G0,,,6.0,2023-12-18T09:00Z,NOAA,,
2024-03-03T18:00:00-GST-001,Geomagnetic Storm,2024-03-03T18:00Z,,,G0,,,5.67,2024-03-03T21:00Z,NOAA,,
2024-03-23T21:00:00-GST-001,Geomagnetic Storm,2024-03-23T21:00Z,,,G0,,,5.67,2024-03-24T00:00Z,NOAA,,
2024-03-24T12:00:00-GST-001,Geomagnetic Storm,2024-03-24T12:00Z,,,G0,,,6.0,2024-03-24T15:00Z,NOAA,,
2024-04-19T18:00:00-GST-001,Geomagnetic Storm,2024-04-19T18:00Z,,,G0,,,7.0,2024-04-19T21:00Z,NOAA,,
2024-05-02T15:00:00-GST-001,Geomagnetic Storm,2024-05-02T15:00Z,,,G0,,,6.67,2024-05-02T18:00Z,NOAA,,
2024-05-10T15:00:00-GST-001,Geomagnetic Storm,2024-05-10T15:00Z,,,G0,,,7.67,2024-05-10T18:00Z,NOAA,,
2024-05-12T21:00:00-GST-001,Geomagnetic Storm,2024-05-12T21:00Z,,,G0,,,6.33,2024-05-13T00:00Z,NOAA,,
2024-05-16T06:00:00-GST-001,Geomagnetic Storm,2024-05-16T06:00Z,,,G0,,,6.0,2024-05-16T09:00Z,NOAA,,
2024-05-17T18:00:00-GST-001,Geomagnetic Storm,2024-05-17T18:00Z,,,G0,,,6.0,2024-05-17T21:00Z,NOAA,,
2024-06-07T12:00:00-GST-001,Geomagnetic Storm,2024-06-07T12:00Z,,,G0,,,6.0,2024-06-07T15:00Z,NOAA,,
2024-06-28T09:00:00-GST-001,Geomagnetic Storm,2024-06-28T09:00Z,,,G0,,,6.0,2024-06-28T12:00Z,NOAA,,
2024-08-04T12:00:00-GST-001,Geomagnetic Storm,2024-08-04T12:00Z,,,G0,,,6.67,2024-08-04T15:00Z,NOAA,,
2024-08-12T00:00:00-GST-001,Geomagnetic Storm,2024-08-12T00:00Z,,,G0,,,6.33,2024-08-12T03:00Z,NOAA,,
2024-08-17T15:00:00-GST-001,Geomagnetic Storm,2024-08-17T15:00Z,,,G0,,,6.67,2024-08-17T18:00Z,NOAA,,
2024-08-28T00:00:00-GST-001,Geomagnetic Storm,2024-08-28T00:00Z,,,G0,,,5.67,2024-08-28T03:00Z,NOAA,,
2024-09-12T09:00:00-GST-001,Geomagnetic Storm,2024-09-12T09:00Z,,,G0,,,5.67,2024-09-12T12:00Z,NOAA,,
2024-09-13T21:00:00-GST-001,Geomagnetic Storm,2024-09-13T21:00Z,,,G0,,,6.0,2024-09-14T00:00Z,NOAA,,
2024-09-17T00:00:00-GST-001,Geomagnetic Storm,2024-09-17T00:00Z,,,G0,,,7.67,2024-09-17T03:00Z,NOAA,,
2024-10-07T12:00:00-GST-001,Geomagnetic Storm,2024-10-07T12:00Z,,,G0,,,6.33,2024-10-07T15:00Z,NOAA,,
2024-10-10T15:00:00-GST-001,Geomagnetic Storm,2024-10-10T15:00Z,,,G0,,,7.67,2024-10-10T18:00Z,NOAA,,
2025-01-01T09:00:00-GST-001,Geomagnetic Storm,2025-01-01T09:00Z,,,G0,,,6.33,2025-01-01T12:00Z,NOAA,,
2025-02-27T09:00:00-GST-001,Geomagnetic Storm,2025-02-27T09:00Z,,,G0,,,5.67,2025-02-27T12:00Z,NOAA,,
2025-03-09T03:00:00-GST-001,Geomagnetic Storm,2025-03-09T03:00Z,,,G0,,,5.67,2025-03-09T06:00Z,NOAA,,
2025-03-14T00:00:00-GST-001,Geomagnetic Storm,2025-03-14T00:00Z,,,G0,,,5.67,2025-03-14T03:00Z,NOAA,,
2025-03-22T00:00:00-GST-001,Geomagnetic Storm,2025-03-22T00:00Z,,,G0,,,5.67,2025-03-22T03:00Z,NOAA,,
2025-03-26T12:00:00-GST-001,Geomagnetic Storm,2025-03-26T12:00Z,,,G0,,,5.67,2025-03-26T15:00Z,NOAA,,
2025-04-05T00:00:00-GST-001,Geomagnetic Storm,2025-04-05T00:00Z,,,G0,,,5.67,2025-04-05T03:00Z,NOAA,,
2025-04-15T18:00:00-GST-001,Geomagnetic Storm,2025-04-15T18:00Z,,,G0,,,6.0,2025-04-15T21:00Z,NOAA,,
2025-05-17T00:00:00-GST-001,Geomagnetic Storm,2025-05-17T00:00Z,,,G0,,,6.33,2025-05-17T03:00Z,NOAA,,
2025-05-29T00:00:00-GST-001,Geomagnetic Storm,2025-05-29T00:00Z,,,G0,,,6.67,2025-05-29T03:00Z,NOAA,,
2025-06-01T06:00:00-GST-001,Geomagnetic Storm,2025-06-01T06:00Z,,,G0,,,8.0,2025-06-01T09:00Z,NOAA,,
2025-06-13T00:00:00-GST-001,Geomagnetic Storm,2025-06-13T00:00Z,,,G0,,,6.33,2025-06-13T03:00Z,NOAA,,
